Family,Carcharhinidae,Genus,Carcharhinus,Carcharhinus acronotus,Blacknose shark,Carcharhinus albimarginatus,Silvertip shark,Carcharhinus altimus,Bignose shark,Carcharhinus amblyrhynchoides,Graceful shark,Carcharhinus amblyrhynchos,Gray reef shark,Carcharhinus amboinensis,Pigeye shark,Carcharhinus borneensis,Borneo shark,Carcharhinus brachyurus,Copper shark,Carcharhinus brevipinna,Spinner shark,Carcharhinus cautus,Nervous shark,Carcharhinus dussumieri,Whitecheek shark,Carcharhinus falciformis,Silky shark,Carcharhinus fitzroyensis,Creek whaler,Carcharhinus galapagensis,Galapagos shark,Carcharhinus hemiodon,Pondicherry shark,Carcharhinus isodon,Finetooth shark,Carcharhinus leiodon,Smooth tooth blacktip shark,Carcharhinus leucas,Bull shark,Carcharhinus limbatus,Blacktip shark,Carcharhinus longimanus,Oceanic whitetip shark,Carcharhinus macloti,Hardnose shark,Carcharhinus melanopterus,Blacktip reef shark,Carcharhinus obscurus,Dusky shark,Carcharhinus perezii,Caribbean reef shark,Carcharhinus plumbeus,Sandbar shark,Carcharhinus porosus,Smalltail shark,Carcharhinus sealei,Blackspot shark,Carcharhinus signatus,Night shark,Carcharhinus sorrah,Spottail shark,Carcharhinus tilstoni,Australian blacktip shark,Carcharhinus wheeleri,Blacktail reef shark,Genus,Galeocerdo,Galeocerdo cuvier,Tiger shark,Genus,Glyphis,Glyphis gangeticus,Ganges shark,Glyphis glyphis,Speartooth shark,Glyphis siamensis,Irrawaddy river shark,Glyphis sp. A,Bizant river shark,Glyphis sp. B,Borneo river shark,Glyphis sp. C,New Guinea river shark,Genus,Isogomphodon,Isogomphodon oxyrhynchus,Daggernose shark,Genus,Lamiopsis,Lamiopsis temminckii,Broadfin shark,Genus,Loxodon,Loxodon macrorhinus,Sliteye shark,Genus,Nasolamia,Nasolamia velox,Whitenose shark,Genus,Negaprion,Negaprion acutidens,Sicklefin lemon shark,Negaprion brevirostris,Lemon shark,Genus,Prionace,Prionace glauca,Blue shark,Genus,Rhizoprionodon,Rhizoprionodon acutus,Milk shark,Rhizoprionodon lalandii,Brazilian sharpnose shark,Rhizoprionodon longurio,Pacific sharpnose shark,Rhizoprionodon oligolinx,Grey sharpnose shark,Rhizoprionodon porosus,Caribbean sharpnose shark,Rhizoprionodon taylori,Australian sharpnose shark,Rhizoprionodon terraenovae,Atlantic sharpnose shark,Genus,Scoliodon,Scoliodon laticaudus,Spadenose shark,Genus,Triaenodon,Triaenodon obesus,Whitetip reef shark,Family,Hemigaleidae,Genus,Chaenogaleus,Chaenogaleus macrostoma,Hooktooth shark,Genus,Hemigaleus,Hemigaleus australiensis,Australian weasel shark,Hemigaleus microstoma,Sicklefin weasel shark,Genus,Hemipristis,Hemipristis elongatus,Snaggletooth shark,Genus,Paragaleus,Paragaleus leucolomatus,Whitetip weasel shark,Paragaleus pectoralis,Atlantic weasel shark,Paragaleus randalli,Slender weasel shark,Paragaleus tengi,Straight-tooth weasel shark,Family,Leptochariidae,Genus,Leptocharias,Leptocharias smithii,Barbeled houndshark,Family,Proscylliidae,Genus,Ctenacis,Ctenacis fehlmanni,Harlequin catshark,Genus,Eridacnis,Eridacnis barbouri,Cuban ribbontail catshark,Eridacnis radcliffei,Pygmy ribbontail catshark,Eridacnis sinuans,African ribbontail catshark,Genus,Gollum,Gollum attenuatus,Slender smooth-hound,Proscyllium,Proscyllium habereri,Graceful catshark,Proscyllium venustum,Family,Pseudotriakidae,Genus,Pseudotriakis,Pseudotriakis microdon,False catshark,Family,Scyliorhinidae,Genus,Apristurus,Apristurus acanutus,Flatnose cat shark,Apristurus albisoma,White-bodied catshark,Apristurus aphyodes,White ghost catshark,Apristurus atlanticus,Atlantic ghost catshark,Apristurus brunneus,Brown catshark,Apristurus canutus,Hoary catshark,Apristurus exsanguis,Flaccid catshark,Apristurus fedorovi,Federov's catshark,Apristurus gibbosus,Humpback cat shark,Apristurus herklotsi,Longfin catshark,Apristurus indicus,Smallbelly catshark,Apristurus internatus,Shortnose demon catshark,Apristurus investigatoris,Broadnose catshark,Apristurus japonicus,Japanese catshark,Apristurus kampae,Longnose catshark,Apristurus laurussonii,Iceland catshark,Apristurus longicephalus,Longhead catshark,Apristurus macrorhynchus,Flathead catshark,Apristurus macrostomus,Broadmouth cat shark,Apristurus manis,Ghost catshark,Apristurus melanoasper,Black roughscale catshark,Apristurus microps,Smalleye catshark,Apristurus micropterygeus,Smalldorsal cat shark,Apristurus nasutus,Largenose catshark,Apristurus parvipinnis,Smallfin catshark,Apristurus pinguis,Fat catshark,Apristurus platyrhynchus,Spatulasnout catshark,Apristurus profundorum,Deepwater catshark,Apristurus riveri,Broadgill catshark,Apristurus saldanha,Saldanha catshark,Apristurus sibogae,Pale catshark,Apristurus sinensis,South China catshark,Apristurus spongiceps,Spongehead catshark,Apristurus stenseni,Panama ghost catshark,Genus,Asymbolus,Asymbolus analis,Australian spotted catshark,Asymbolus funebris,Blotched catshark,Asymbolus occiduus,Western spotted catshark,Asymbolus pallidus,Pale spotted catshark,Asymbolus parvus,Dwarf catshark,Asymbolus rubiginosus,Orange-spotted catshark,Asymbolus submaculatus,Variegated catshark,Asymbolus vincenti,Gulf catshark,Genus,Atelomycterus,Atelomycterus baliensis,Bali catshark,Atelomycterus fasciatus,Banded sand catshark,Atelomycterus macleayi,Australian marbled catshark,Atelomycterus marmoratus,Coral catshark,Genus,Aulohalaelurus,Aulohalaelurus kanakorum,New Caledonia catshark,Aulohalaelurus labiosus,Blackspotted catshark, Genus,Cephaloscyllium,Cephaloscyllium fasciatum,Reticulated swellshark,Cephaloscyllium isabellum,Draughtsboard shark,Cephaloscyllium laticeps,Australian swellshark,Cephaloscyllium silasi,Indian swellshark,Cephaloscyllium sufflans,Balloon shark,Cephaloscyllium umbratile,Blotchy swell shark,Cephaloscyllium ventriosum,Swell shark,Genus,Cephalurus,Cephalurus cephalus,Lollipop catshark,Genus,Galeus,Galeus antillensis,Antilles catshark,Galeus arae,Roughtail catshark,Galeus atlanticus,Atlantic sawtail cat shark,Galeus boardmani,Australian sawtail catshark,Galeus cadenati,Longfin sawtail cat shark,Galeus eastmani,Gecko catshark,Galeus gracilis,Slender sawtail catshark,Galeus longirostris,Longnose sawtail cat shark,Galeus melastomus,Blackmouth catshark,Galeus mincaronei,Southern sawtail catshark,Galeus murinus,Mouse catshark,Galeus nipponensis,Broadfin sawtail catshark,Galeus piperatus,Peppered catshark,Galeus polli,African sawtail catshark,Galeus sauteri,Blacktip sawtail catshark,Galeus schultzi,Dwarf sawtail catshark,Galeus springeri,Springer's sawtail cat shark,Galeus sp. B,Northern sawtail catshark,Genus,Halaelurus,Halaelurus alcockii,Arabian catshark,Halaelurus boesemani,Speckled catshark,Halaelurus buergeri,Blackspotted catshark,Halaelurus canescens,Dusky catshark,Halaelurus clevai,Broadhead cat shark,Halaelurus dawsoni,New Zealand catshark,Halaelurus hispidus,Bristly catshark,Halaelurus immaculatus,Spotless catshark,Halaelurus lineatus,Lined catshark,Halaelurus lutarius,Mud catshark,Halaelurus natalensis,Tiger catshark,Halaelurus quagga,Quagga catshark,Genus,Haploblepharus,Haploblepharus edwardsii,Puffadder shyshark,Haploblepharus fuscus,Brown shyshark,Haploblepharus kistnasamyi,Natal shyshark,Haploblepharus pictus,Dark shyshark,Genus,Holohalaelurus,Holohalaelurus favus,Honeycomb Izak,Holohalaelurus grennian,Grinning Izak,Holohalaelurus melanostigma,Tropical izak,Holohalaelurus punctatus,African spotted catshark,Holohalaelurus regani,Izak catshark,Genus,Parmaturus,Parmaturus albimarginatus,White-tip catshark,Parmaturus albipenis,White-clasper catshark,Parmaturus bigus,Beige catshark,Parmaturus campechiensis,Campeche shark,Parmaturus lanatus,Velvet catshark,Parmaturus macmillani,McMillan's cat shark,Parmaturus melanobranchus,Blackgill catshark,Parmaturus pilosus,Salamander shark,Parmaturus xaniurus,Filetail catshark,Parmaturus sp. A,Shorttail catshark,Genus,Pentanchus,Pentanchus profundicolus,Onefin catshark,Genus,Poroderma,Poroderma africanum,Striped catshark,Poroderma pantherinum,Leopard catshark,Genus,Schroederichthys,Schroederichthys bivius,Narrowmouthed catshark,Schroederichthys chilensis,Redspotted catshark,Schroederichthys maculatus,Narrowtail catshark,Schroederichthys saurisqualus,Lizard catshark,Schroederichthys tenuis,Slender catshark,Genus,Scyliorhinus,Scyliorhinus besnardi,Polkadot catshark,Scyliorhinus boa,Boa catshark,Scyliorhinus canicula,Small-spotted catshark,Scyliorhinus capensis,Yellowspotted catshark,Scyliorhinus cervigoni,West African catshark,Scyliorhinus comoroensis,Comoro cat shark,Scyliorhinus garmani,Brownspotted catshark,Scyliorhinus haeckelii,Freckled catshark,Scyliorhinus hesperius,Whitesaddled catshark,Scyliorhinus meadi,Blotched catshark,Scyliorhinus retifer,Chain catshark,Scyliorhinus stellaris,Nursehound,Scyliorhinus tokubee,Izu cat shark,Scyliorhinus torazame,Cloudy catshark,Scyliorhinus torrei,Dwarf catshark,Family,Sphyrnidae,Genus,Eusphyra,Eusphyra blochii,Winghead shark,Genus,Sphyrna,Sphyrna corona,Scalloped bonnethead,Sphyrna couardi,Whitefin hammerhead,Sphyrna lewini,Scalloped hammerhead,Sphyrna media,Scoophead,Sphyrna mokarran,Great hammerhead,Sphyrna tiburo,Bonnethead shark,Sphyrna tudes,Smalleye hammerhead,Sphyrna zygaena,Smooth hammerhead,Family,Triakidae,Genus,Furgaleus,Furgaleus macki,Whiskery shark,Genus,Galeorhinus,Galeorhinus galeus,Tope shark,Genus,Gogolia,Gogolia filewoodi,Sailback houndshark,Genus,Hemitriakis,Hemitriakis abdita,Deepwater sicklefin hound shark,Hemitriakis falcata,Sicklefin hound shark,Hemitriakis japanica,Japanese topeshark,Hemitriakis leucoperiptera,Whitefin topeshark,Hemitriakis Sp.A,Ocelate topeshark,Genus,Hypogaleus,Hypogaleus hyugaensis,Blacktip tope,Genus,Iago,Iago garricki,Longnose houndshark,Iago Sp.A,Lowfin houndshark,Genus,Mustelus,Mustelus antarcticus,Gummy shark,Mustelus asterias,Starry smooth-hound,Mustelus californicus,Gray smoothhound,Mustelus canis,Dusky smooth-hound,Mustelus dorsalis,Sharptooth smooth-hound,Mustelus fasciatus,Striped smooth-hound,Mustelus griseus,Spotless smooth-hound,Mustelus hacat,White-margin fin smooth-hound,Mustelus henlei,Brown smoothhound,Mustelus higmani,Smalleye smooth-hound,Mustelus lenticulatus,Spotted estuary smooth-hound,Mustelus lunulatus,Sicklefin smoothhound,Mustelus manazo,Starspotted smooth-hound,Mustelus mento,Speckled smooth-hound,Mustelus minicanis,Dwarf smooth-hound,Mustelus mosis,Arabian smooth-hound,Mustelus mustelus,Smooth-hound,Mustelus norrisi,Florida smoothhound,Mustelus palumbes,Whitespotted smooth-hound,Mustelus punctulatus,Blackspotted smooth-hound,Mustelus ravidus,Australian grey smooth-hound,Mustelus schmitti,Narrownose smooth-hound,Mustelus sinusmexicanus,Gulf smoothhound,Mustelus whitneyi,Humpback smooth-hound,Mustelus widodoi,White-fin smooth-hound,Genus,Scylliogaleus,Scylliogaleus quecketti,Flapnose houndshark,Genus,Triakis,Triakis acutipinna,Sharpfin houndshark,Triakis maculata,Spotted houndshark,Triakis megalopterus,Sharptooth houndshark,Triakis scyllium,Banded houndshark,Triakis semifasciata,Leopard shark
